<?xml version="1.0" encoding="utf-8"?><shortcuts>
	<shortcut>
		<defaultID>20386</defaultID>
		<label>Most Popular</label>
		<label2>Custom item</label2>
		<icon>DefaultRecentlyAddedMovies.png</icon>
		<thumb>special://profile/addon_data/script.skinshortcuts/skin.aura-thumb-20386.png</thumb>
		<action>ActivateWindow(Videos,&quot;plugin://plugin.video.seren/?action=moviesPopular&amp;page=1&quot;,return)</action>
	</shortcut>
	<shortcut>
		<defaultID>20434</defaultID>
		<label>Trending</label>
		<label2>Custom item</label2>
		<icon>DefaultSets.png</icon>
		<thumb>special://profile/addon_data/script.skinshortcuts/skin.aura-thumb-20434.png</thumb>
		<action>ActivateWindow(Videos,&quot;plugin://plugin.video.seren/?action=moviesTrending&amp;page=1&quot;,return)</action>
	</shortcut>
	<shortcut>
		<defaultID>369</defaultID>
		<label>Most Watched</label>
		<label2>Custom item</label2>
		<icon>DefaultMovieTitle.png</icon>
		<thumb>special://profile/addon_data/script.skinshortcuts/skin.aura-thumb-369.png</thumb>
		<action>ActivateWindow(Videos,&quot;plugin://plugin.video.seren/?action=moviesWatched&amp;page=1&quot;,return)</action>
	</shortcut>
	<shortcut>
		<defaultID>20451</defaultID>
		<label>Most Anticipated</label>
		<label2>Custom item</label2>
		<icon>special://skin/extras/icons/world.png</icon>
		<thumb>special://profile/addon_data/script.skinshortcuts/skin.aura-thumb-20451.png</thumb>
		<action>ActivateWindow(Videos,&quot;plugin://plugin.video.seren/?action=moviesAnticipated&amp;page=1&quot;,return)</action>
	</shortcut>
	<shortcut>
		<defaultID>20348</defaultID>
		<label>Box Office Top 10</label>
		<label2>Custom item</label2>
		<icon>special://skin/extras/icons/director.png</icon>
		<thumb/>
		<action>ActivateWindow(Videos,&quot;plugin://plugin.video.seren/?action=moviesBoxOffice&quot;,return)</action>
	</shortcut>
	<shortcut>
		<defaultID>562</defaultID>
		<label>Recently Updated</label>
		<label2>Custom item</label2>
		<icon>DefaultYear.png</icon>
		<thumb>special://profile/addon_data/script.skinshortcuts/skin.aura-thumb-562.png</thumb>
		<action>ActivateWindow(Videos,&quot;plugin://plugin.video.seren/?action=moviesUpdated&amp;page=1&quot;,return)</action>
	</shortcut>
	<shortcut>
		<defaultID>135</defaultID>
		<label>135</label>
		<label2>Custom item</label2>
		<icon>DefaultGenre.png</icon>
		<thumb/>
		<action>ActivateWindow(Videos,&quot;plugin://plugin.video.seren/?action=movieGenres&amp;page=1&quot;,return)</action>
	</shortcut>
	<shortcut>
		<defaultID>344</defaultID>
		<label>Search...</label>
		<label2>Custom item</label2>
		<icon>DefaultActor.png</icon>
		<thumb>special://profile/addon_data/script.skinshortcuts/skin.aura-thumb-344.png</thumb>
		<action>ActivateWindow(Videos,&quot;plugin://plugin.video.seren/?action=moviesSearch&quot;,return)</action>
	</shortcut>
</shortcuts>