<?xml version="1.0" encoding="utf-8"?><shortcuts>
	<shortcut>
		<defaultID/>
		<label>Popular Today</label>
		<label2>Custom item</label2>
		<icon>DefaultShortcut.png</icon>
		<thumb>special://profile/addon_data/script.skinshortcuts/skin.aura-thumb-Popular Today.png</thumb>
		<action>ActivateWindow(Videos,&quot;plugin://plugin.video.masteraniredux/?action=popular&quot;,return)</action>
	</shortcut>
	<shortcut>
		<defaultID/>
		<label>Being Watched</label>
		<label2>Custom item</label2>
		<icon>DefaultShortcut.png</icon>
		<thumb>special://profile/addon_data/script.skinshortcuts/skin.aura-thumb-Being Watched.png</thumb>
		<action>ActivateWindow(Videos,&quot;plugin://plugin.video.masteraniredux/?action=being_watched&quot;,return)</action>
	</shortcut>
	<shortcut>
		<defaultID/>
		<label>Genre</label>
		<label2>Custom item</label2>
		<icon>DefaultShortcut.png</icon>
		<thumb>special://profile/addon_data/script.skinshortcuts/skin.aura-thumb-Genre.png</thumb>
		<action>ActivateWindow(Videos,&quot;plugin://plugin.video.masteraniredux/?action=list&quot;,return)</action>
	</shortcut>
	<shortcut>
		<defaultID/>
		<label>Search</label>
		<label2>Custom item</label2>
		<icon>DefaultShortcut.png</icon>
		<thumb>special://profile/addon_data/script.skinshortcuts/skin.aura-thumb-Search.png</thumb>
		<action>ActivateWindow(Videos,&quot;plugin://plugin.video.masteraniredux/?action=search&quot;,return)</action>
	</shortcut>
</shortcuts>