<?xml version="1.0" encoding="utf-8"?><shortcuts>
	<shortcut>
		<defaultID>20387</defaultID>
		<label>Most Popular</label>
		<label2>Custom item</label2>
		<icon>DefaultRecentlyAddedEpisodes.png</icon>
		<thumb>special://profile/addon_data/script.skinshortcuts/skin.aura-thumb-20387.png</thumb>
		<action>ActivateWindow(Videos,&quot;plugin://plugin.video.seren/?action=showsPopular&amp;page=1&quot;,return)</action>
	</shortcut>
	<shortcut>
		<defaultID>626</defaultID>
		<label>Trending</label>
		<label2>Custom item</label2>
		<icon>special://skin/extras/icons/recentlyadded.png</icon>
		<thumb>special://profile/addon_data/script.skinshortcuts/skin.aura-thumb-626.png</thumb>
		<action>ActivateWindow(Videos,&quot;plugin://plugin.video.seren/?action=showsTrending&amp;page=1&quot;,return)</action>
	</shortcut>
	<shortcut>
		<defaultID>369</defaultID>
		<label>New TV Shows</label>
		<label2>Custom item</label2>
		<icon>DefaultTVShowTitle.png</icon>
		<thumb>special://profile/addon_data/script.skinshortcuts/skin.aura-thumb-369.png</thumb>
		<action>ActivateWindow(Videos,&quot;plugin://plugin.video.seren/?action=showsNew&quot;,return)</action>
	</shortcut>
	<shortcut>
		<defaultID>20388</defaultID>
		<label>Most Watched</label>
		<label2>Custom item</label2>
		<icon>special://skin/extras/icons/musicvideo.png</icon>
		<thumb>special://profile/addon_data/script.skinshortcuts/skin.aura-thumb-20388.png</thumb>
		<action>ActivateWindow(Videos,&quot;plugin://plugin.video.seren/?action=showsWatched&amp;page=1&quot;,return)</action>
	</shortcut>
	<shortcut>
		<defaultID>562</defaultID>
		<label>Most Anticipated</label>
		<label2>Custom item</label2>
		<icon>DefaultYear.png</icon>
		<thumb>special://profile/addon_data/script.skinshortcuts/skin.aura-thumb-562.png</thumb>
		<action>ActivateWindow(Videos,&quot;plugin://plugin.video.seren/?action=showsAnticipated&amp;page=1&quot;,return)</action>
	</shortcut>
	<shortcut>
		<defaultID/>
		<label>Recently Updated</label>
		<label2>Custom item</label2>
		<icon>DefaultShortcut.png</icon>
		<thumb>special://profile/addon_data/script.skinshortcuts/skin.aura-thumb-Recently Updated.png</thumb>
		<action>ActivateWindow(Videos,&quot;plugin://plugin.video.seren/?action=showsUpdated&amp;page=1&quot;,return)</action>
	</shortcut>
	<shortcut>
		<defaultID/>
		<label>Recommended For You</label>
		<label2>Custom item</label2>
		<icon>DefaultShortcut.png</icon>
		<thumb>special://profile/addon_data/script.skinshortcuts/skin.aura-thumb-Recommended For You.png</thumb>
		<action>ActivateWindow(Videos,&quot;plugin://plugin.video.seren/?action=showsRecommended&quot;,return)</action>
	</shortcut>
	<shortcut>
		<defaultID>135</defaultID>
		<label>135</label>
		<label2>Custom item</label2>
		<icon>DefaultGenre.png</icon>
		<thumb/>
		<action>ActivateWindow(Videos,&quot;plugin://plugin.video.seren/?action=showGenres&quot;,return)</action>
	</shortcut>
	<shortcut>
		<defaultID>344</defaultID>
		<label>Search...</label>
		<label2>Custom item</label2>
		<icon>DefaultActor.png</icon>
		<thumb>special://profile/addon_data/script.skinshortcuts/skin.aura-thumb-344.png</thumb>
		<action>ActivateWindow(Videos,&quot;plugin://plugin.video.seren/?action=showsSearch&quot;,return)</action>
	</shortcut>
</shortcuts>